@@@BBC Cosmos
##Space Mysteries (10)-->bbcearthlab_space_mysteries
##Your Cosmos (6)-->bbcearthlab_your_cosmos
##Moon Explorers (2)-->bbcearthlab_moon_explorers
##Wonders Of The Solar System (4)-->bbcearthlab_wonders_of_the_solar_system
##The Planets (11)-->bbcearthlab_the_planets
##In Orbit (5)-->bbcearthlab_in_orbit
##Universe (26)-->bbcearthlab_universe
##Moon (11)-->bbcearthlab_moon
##Wonders of the Universe (8)-->bbcearthlab_wonders_of_the_universe

@@@BBC Planet
##Earth: The Power Of The Planet (9)-->bbcearthlab_earth_the_power_of_the_planet
##Planet Fix (4)-->bbcearthlab_planet_fix
##Fractured Reality (5)-->bbcearthlab_fractured_reality
##Unexplored (6)-->bbcearthlab_unexplored
##Alien (6)-->bbcearthlab_alien
##Volcanic (10)-->bbcearthlab_volcanic
##My Amazing Earth (5)-->bbcearthlab_my_amazing_earth

@@@BBC Science
##Trailblazers (5)-->bbcearthlab_trailblazers
##Guide to Net Zero (5)-->bbcearthlab_guide_to_net_zero
##Weird Science (5)-->bbcearthlab_weird_science

@@@BBC Health
##Medical Myths (5)-->bbcearthlab_medical_myths
##Curing Alzheimer (2)-->bbcearthlab_curing_alzheimer
##Disease (7)-->bbcearthlab_disease
##Diet (5)-->bbcearthlab_diet
##Fast Food (2)-->bbcearthlab_fast_food
##Gastric Bypass (3)-->bbcearthlab_gastric_bypass
##Sugar (5)-->bbcearthlab_sugar
##Sleep (9)-->bbcearthlab_sleep
##Food (21)-->bbcearthlab_food

@@@BBC Biology
##Secrets Of The Human Body (6)-->bbcearthlab_secrets_of_the_human_body
##Brain (19)-->bbcearthlab_brain
##Hormone (1)-->bbcearthlab_hormone
##Weight (4)-->bbcearthlab_weight
##Stem Cells (1)-->bbcearthlab_stem_cells
##Emotions (3)-->bbcearthlab_emotions
##Transplant (4)-->bbcearthlab_transplant
##Evolution (6)-->bbcearthlab_evolution

@@@BBC Lifestyle
##Living Off Grid (5)-->bbcearthlab_living_off_grid
##Horizon (13)-->bbcearthlab_horizon
##Inspirational Lives (5)-->bbcearthlab_inspirational_lives
##The Big Question (7)-->bbcearthlab_the_big_question
##Babies (4)-->bbcearthlab_babies

@@@BBC Physics
##Time (11)-->bbcearthlab_time
##Rocket (6)-->bbcearthlab_rocket
##Energy (12)-->bbcearthlab_energy
##Nuclear (4)-->bbcearthlab_nuclear
##Nitrogen (5)-->bbcearthlab_nitrogen

@@@BBC Technology
##Robot (12)-->bbcearthlab_robot
##Car (21)-->bbcearthlab_car
##Internet (5)-->bbcearthlab_internet
##Telescope (4)-->bbcearthlab_telescope

@@@BBC Prensters
##Richard Hammond (5)-->bbcearthlab_richard_hammond
##Greg Foot (42)-->bbcearthlab_greg_foot
##Brian Cox (14)-->bbcearthlab_brian_cox
##Jon Chase (8)-->bbcearthlab_jon_chase
##Martin Archer (10)-->bbcearthlab_martin_archer
##James May (108)-->bbcearthlab_james_may

@@@BBC Head Squeeze
##Head Squeeze (343)-->bbcearthlab_head_squeeze
##Live Experiments (64)-->bbcearthlab_live_experiments
##Sci Guide (46)-->bbcearthlab_sci_guide
##Number Hub (25)-->bbcearthlab_number_hub
##Ask an Astronaut (4)-->bbcearthlab_ask_an_astronaut
