@@@01. BBC Earth Part 1
##Sir David Attenborough (166)-->bbcearth_attenborough
##Frozen Planet (36)-->bbcearth_frozen_planet
##Seven Worlds One Planet (50)-->bbcearth_seven_worlds_one_planet
##Our Blue Planet (10)-->bbcearth_our_blue_planet
##The Wild Place (11)-->bbcearth_the_wild_place
##Relax with Nature (2)-->bbcearth_relax_with_nature
##Dogs In The Wild (6)-->bbcearth_dogs_in_the_wild
##Earth's Tropical Islands (4)-->bbcearth_earths_tropical_islands
##Blue Planet II (46)-->bbcearth_blue_planet_ii
##Behind The Scenes (37)-->bbcearth_behind_the_scenes

@@@02. BBC Earth Part 2
##Green Planet (24)-->bbcearth_green_planet
##Natural World (52)-->bbcearth_natural_world
##BBC Earth Podcast (8)-->bbcearth_bbc_earth_podcast
##BBC Earth Witness (7)-->bbcearth_bbc_earth_witness
##Dan O’Neill Investigates (6)-->bbcearth_investigates
##The Cheetah Family (4)-->bbcearth_the_cheetah_family
##Weird Animal Searches (10)-->bbcearth_weird_animal_searches
##Elephant Nomads (6)-->bbcearth_elephant_nomads
##Dynasties (43)-->bbcearth_dynasties
##Dinosaurs (51)-->bbcearth_dinosaurs
##Animal Escapes (2)-->bbcearth_animal_escapes

@@@03. BBC Earth Part 3
##White Falcon White Wolf (6)-->bbcearth_white_falcon_white_wolf
##Wild Thailand (5)-->bbcearth_wild_thailand
##Great Rivers (8)-->bbcearth_great_rivers
##Bad Natured (5)-->bbcearth_bad_natured
##Ocean Giants (5)-->bbcearth_ocean_giants
##Expedition Tiger (5)-->bbcearth_expedition_tiger
##After We've Gone (4)-->bbcearth_after_weve_gone
##Natural Born Killers (5)-->bbcearth_natural_born_killers
##A Penguin's Tale (6)-->bbcearth_a_penguins_tale
##Nature's Biggest Beasts (4)-->bbcearth_natures_biggest_beasts
##Planet Explorers (5)-->bbcearth_planet_explorers

@@@04. BBC Earth Part 4
##Climate Change (5)-->bbcearth_climate_change
##Mating Game (9)-->bbcearth_mating_game
##Universe (8)-->bbcearth_universe
##Amaze Me (5)-->bbcearth_amaze_me
##Octopus In My House (6)-->bbcearth_octopus_in_my_house
##Game Changers (2)-->bbcearth_game_changers
##Close Encounters (5)-->bbcearth_close_encounters
##Animals with Cameras (3)-->bbcearth_animals_with_cameras
##Weasels: Feisty & Fearless (6)-->bbcearth_weasels_feisty__fearless
##Eden: Untamed Planet (12)-->bbcearth_eden_untamed_planet

@@@05. BBC Earth Part 5
##My Place On Earth (4)-->bbcearth_my_place_on_earth
##Serengeti (17)-->bbcearth_serengeti
##Wild Stories (10)-->bbcearth_wild_stories
##Get Out There (4)-->bbcearth_get_out_there
##Planet Earth (104)-->bbcearth_planet_earth
##Waterhole (7)-->bbcearth_waterhole
##Wild Rescue (8)-->bbcearth_wild_rescue
##Superswarm (6)-->bbcearth_superswarm
##Snow Leopards (5)-->bbcearth_snow_leopards
##Animal Einsteins (7)-->bbcearth_animal_einsteins
##Jungle Animal Hospital (5)-->bbcearth_jungle_animal_hospital

@@@06. BBC Earth Part 6
##Five Owl Farm (4)-->bbcearth_five_owl_farm
##Wild Caribbean (8)-->bbcearth_wild_caribbean
##A Perfect Planet (13)-->bbcearth_a_perfect_planet
##Secret Life Of Elephants (6)-->bbcearth_secret_life_of_elephants
##Meet The Family (4)-->bbcearth_meet_the_family

@@@BBC Cosmos
##Space Mysteries (10)-->https://raw.githubusercontent.com/Oclemy/sedan/main/v/tv/bbcearthlab/bbcearthlab_space_mysteries
##Your Cosmos (6)-->https://raw.githubusercontent.com/Oclemy/sedan/main/v/tv/bbcearthlab/bbcearthlab_your_cosmos
##Moon Explorers (2)-->https://raw.githubusercontent.com/Oclemy/sedan/main/v/tv/bbcearthlab/bbcearthlab_moon_explorers
##Wonders Of The Solar System (4)-->https://raw.githubusercontent.com/Oclemy/sedan/main/v/tv/bbcearthlab/bbcearthlab_wonders_of_the_solar_system
##The Planets (11)-->https://raw.githubusercontent.com/Oclemy/sedan/main/v/tv/bbcearthlab/bbcearthlab_the_planets
##In Orbit (5)-->https://raw.githubusercontent.com/Oclemy/sedan/main/v/tv/bbcearthlab/bbcearthlab_in_orbit
##Universe (26)-->https://raw.githubusercontent.com/Oclemy/sedan/main/v/tv/bbcearthlab/bbcearthlab_universe
##Moon (11)-->https://raw.githubusercontent.com/Oclemy/sedan/main/v/tv/bbcearthlab/bbcearthlab_moon
##Wonders of the Universe (8)-->https://raw.githubusercontent.com/Oclemy/sedan/main/v/tv/bbcearthlab/bbcearthlab_wonders_of_the_universe

@@@BBC Planet
##Earth: The Power Of The Planet (9)-->https://raw.githubusercontent.com/Oclemy/sedan/main/v/tv/bbcearthlab/bbcearthlab_earth_the_power_of_the_planet
##Planet Fix (4)-->https://raw.githubusercontent.com/Oclemy/sedan/main/v/tv/bbcearthlab/bbcearthlab_planet_fix
##Fractured Reality (5)-->https://raw.githubusercontent.com/Oclemy/sedan/main/v/tv/bbcearthlab/bbcearthlab_fractured_reality
##Unexplored (6)-->https://raw.githubusercontent.com/Oclemy/sedan/main/v/tv/bbcearthlab/bbcearthlab_unexplored
##Alien (6)-->https://raw.githubusercontent.com/Oclemy/sedan/main/v/tv/bbcearthlab/bbcearthlab_alien
##Volcanic (10)-->https://raw.githubusercontent.com/Oclemy/sedan/main/v/tv/bbcearthlab/bbcearthlab_volcanic
##My Amazing Earth (5)-->https://raw.githubusercontent.com/Oclemy/sedan/main/v/tv/bbcearthlab/bbcearthlab_my_amazing_earth

@@@BBC Science
##Trailblazers (5)-->https://raw.githubusercontent.com/Oclemy/sedan/main/v/tv/bbcearthlab/bbcearthlab_trailblazers
##Guide to Net Zero (5)-->https://raw.githubusercontent.com/Oclemy/sedan/main/v/tv/bbcearthlab/bbcearthlab_guide_to_net_zero
##Weird Science (5)-->https://raw.githubusercontent.com/Oclemy/sedan/main/v/tv/bbcearthlab/bbcearthlab_weird_science

@@@BBC Health
##Medical Myths (5)-->https://raw.githubusercontent.com/Oclemy/sedan/main/v/tv/bbcearthlab/bbcearthlab_medical_myths
##Curing Alzheimer (2)-->https://raw.githubusercontent.com/Oclemy/sedan/main/v/tv/bbcearthlab/bbcearthlab_curing_alzheimer
##Disease (7)-->https://raw.githubusercontent.com/Oclemy/sedan/main/v/tv/bbcearthlab/bbcearthlab_disease
##Diet (5)-->https://raw.githubusercontent.com/Oclemy/sedan/main/v/tv/bbcearthlab/bbcearthlab_diet
##Fast Food (2)-->https://raw.githubusercontent.com/Oclemy/sedan/main/v/tv/bbcearthlab/bbcearthlab_fast_food
##Gastric Bypass (3)-->https://raw.githubusercontent.com/Oclemy/sedan/main/v/tv/bbcearthlab/bbcearthlab_gastric_bypass
##Sugar (5)-->https://raw.githubusercontent.com/Oclemy/sedan/main/v/tv/bbcearthlab/bbcearthlab_sugar
##Sleep (9)-->https://raw.githubusercontent.com/Oclemy/sedan/main/v/tv/bbcearthlab/bbcearthlab_sleep
##Food (21)-->https://raw.githubusercontent.com/Oclemy/sedan/main/v/tv/bbcearthlab/bbcearthlab_food

@@@BBC Biology
##Secrets Of The Human Body (6)-->https://raw.githubusercontent.com/Oclemy/sedan/main/v/tv/bbcearthlab/bbcearthlab_secrets_of_the_human_body
##Brain (19)-->https://raw.githubusercontent.com/Oclemy/sedan/main/v/tv/bbcearthlab/bbcearthlab_brain
##Hormone (1)-->https://raw.githubusercontent.com/Oclemy/sedan/main/v/tv/bbcearthlab/bbcearthlab_hormone
##Weight (4)-->https://raw.githubusercontent.com/Oclemy/sedan/main/v/tv/bbcearthlab/bbcearthlab_weight
##Stem Cells (1)-->https://raw.githubusercontent.com/Oclemy/sedan/main/v/tv/bbcearthlab/bbcearthlab_stem_cells
##Emotions (3)-->https://raw.githubusercontent.com/Oclemy/sedan/main/v/tv/bbcearthlab/bbcearthlab_emotions
##Transplant (4)-->https://raw.githubusercontent.com/Oclemy/sedan/main/v/tv/bbcearthlab/bbcearthlab_transplant
##Evolution (6)-->https://raw.githubusercontent.com/Oclemy/sedan/main/v/tv/bbcearthlab/bbcearthlab_evolution

@@@BBC Lifestyle
##Living Off Grid (5)-->https://raw.githubusercontent.com/Oclemy/sedan/main/v/tv/bbcearthlab/bbcearthlab_living_off_grid
##Horizon (13)-->https://raw.githubusercontent.com/Oclemy/sedan/main/v/tv/bbcearthlab/bbcearthlab_horizon
##Inspirational Lives (5)-->https://raw.githubusercontent.com/Oclemy/sedan/main/v/tv/bbcearthlab/bbcearthlab_inspirational_lives
##The Big Question (7)-->https://raw.githubusercontent.com/Oclemy/sedan/main/v/tv/bbcearthlab/bbcearthlab_the_big_question
##Babies (4)-->https://raw.githubusercontent.com/Oclemy/sedan/main/v/tv/bbcearthlab/bbcearthlab_babies

@@@BBC Physics
##Time (11)-->https://raw.githubusercontent.com/Oclemy/sedan/main/v/tv/bbcearthlab/bbcearthlab_time
##Rocket (6)-->https://raw.githubusercontent.com/Oclemy/sedan/main/v/tv/bbcearthlab/bbcearthlab_rocket
##Energy (12)-->https://raw.githubusercontent.com/Oclemy/sedan/main/v/tv/bbcearthlab/bbcearthlab_energy
##Nuclear (4)-->https://raw.githubusercontent.com/Oclemy/sedan/main/v/tv/bbcearthlab/bbcearthlab_nuclear
##Nitrogen (5)-->https://raw.githubusercontent.com/Oclemy/sedan/main/v/tv/bbcearthlab/bbcearthlab_nitrogen

@@@BBC Technology
##Robot (12)-->https://raw.githubusercontent.com/Oclemy/sedan/main/v/tv/bbcearthlab/bbcearthlab_robot
##Car (21)-->https://raw.githubusercontent.com/Oclemy/sedan/main/v/tv/bbcearthlab/bbcearthlab_car
##Internet (5)-->https://raw.githubusercontent.com/Oclemy/sedan/main/v/tv/bbcearthlab/bbcearthlab_internet
##Telescope (4)-->https://raw.githubusercontent.com/Oclemy/sedan/main/v/tv/bbcearthlab/bbcearthlab_telescope

@@@BBC Prensters
##Richard Hammond (5)-->https://raw.githubusercontent.com/Oclemy/sedan/main/v/tv/bbcearthlab/bbcearthlab_richard_hammond
##Greg Foot (42)-->https://raw.githubusercontent.com/Oclemy/sedan/main/v/tv/bbcearthlab/bbcearthlab_greg_foot
##Brian Cox (14)-->https://raw.githubusercontent.com/Oclemy/sedan/main/v/tv/bbcearthlab/bbcearthlab_brian_cox
##Jon Chase (8)-->https://raw.githubusercontent.com/Oclemy/sedan/main/v/tv/bbcearthlab/bbcearthlab_jon_chase
##Martin Archer (10)-->https://raw.githubusercontent.com/Oclemy/sedan/main/v/tv/bbcearthlab/bbcearthlab_martin_archer
##James May (108)-->https://raw.githubusercontent.com/Oclemy/sedan/main/v/tv/bbcearthlab/bbcearthlab_james_may

@@@BBC Head Squeeze
##Head Squeeze (343)-->https://raw.githubusercontent.com/Oclemy/sedan/main/v/tv/bbcearthlab/bbcearthlab_head_squeeze
##Live Experiments (64)-->https://raw.githubusercontent.com/Oclemy/sedan/main/v/tv/bbcearthlab/bbcearthlab_live_experiments
##Sci Guide (46)-->https://raw.githubusercontent.com/Oclemy/sedan/main/v/tv/bbcearthlab/bbcearthlab_sci_guide
##Number Hub (25)-->https://raw.githubusercontent.com/Oclemy/sedan/main/v/tv/bbcearthlab/bbcearthlab_number_hub
##Ask an Astronaut (4)-->https://raw.githubusercontent.com/Oclemy/sedan/main/v/tv/bbcearthlab/bbcearthlab_ask_an_astronaut


===line 492
